-- phpMyAdmin SQL Dump
-- version 5.2.0
-- https://www.phpmyadmin.net/
--
-- Host: 127.0.0.1
-- Generation Time: May 02, 2023 at 04:22 PM
-- Server version: 10.4.25-MariaDB
-- PHP Version: 7.4.30

DROP DATABASE IF EXISTS autocar;
CREATE DATABASE autocar ;
USE autocar ;
DROP TABLE IF EXISTS admin ;
DROP TABLE IF EXISTS cart ;
DROP TABLE IF EXISTS message ;
DROP TABLE IF EXISTS orders ;
DROP TABLE IF EXISTS products ;
DROP TABLE IF EXISTS users ;
DROP TABLE IF EXISTS wishlist ;

SET SQL_MODE = "NO_AUTO_VALUE_ON_ZERO";
START TRANSACTION;
SET time_zone = "+00:00";


/*!40101 SET @OLD_CHARACTER_SET_CLIENT=@@CHARACTER_SET_CLIENT */;
/*!40101 SET @OLD_CHARACTER_SET_RESULTS=@@CHARACTER_SET_RESULTS */;
/*!40101 SET @OLD_COLLATION_CONNECTION=@@COLLATION_CONNECTION */;
/*!40101 SET NAMES utf8mb4 */;

--
-- Database: `autocar`
--

-- --------------------------------------------------------

--
-- Table structure for table `admin`
--

CREATE TABLE `admin` (
  `id` int(255) NOT NULL,
  `name` varchar(255) NOT NULL,
  `email` varchar(255) NOT NULL,
  `password` varchar(255) NOT NULL,
  `profile` varchar(255) NOT NULL
) ENGINE=InnoDB DEFAULT CHARSET=utf8mb4;

--
-- Dumping data for table `admin`
--

INSERT INTO `admin` (`id`, `name`, `email`, `password`, `profile`) VALUES
(1, 'admin', 'admin@autocar.com', '7110eda4d09e062aa5e4a390b0a572ac0d2c0220', 'glitch.jpg');

-- --------------------------------------------------------

--
-- Table structure for table `cart`
--

CREATE TABLE `cart` (
  `id` varchar(20) NOT NULL,
  `user_id` varchar(20) NOT NULL,
  `product_id` varchar(20) NOT NULL,
  `price` varchar(10) NOT NULL,
  `qty` varchar(2) NOT NULL DEFAULT '1'
) ENGINE=InnoDB DEFAULT CHARSET=utf8mb4;

--
-- Dumping data for table `cart`
--

INSERT INTO `cart` (`id`, `user_id`, `product_id`, `price`, `qty`) VALUES
('UzH7ynJfxmARltq6q5Sx', 'UAVjN46f0bvXSKquej8S', 'aSBHDzG26iXurm6cfoNv', '50', '1');

-- --------------------------------------------------------

--
-- Table structure for table `message`
--

CREATE TABLE `message` (
  `id` int(11) NOT NULL AUTO_INCREMENT,
  `user_id` varchar(255) NOT NULL,
  `name` varchar(255) NOT NULL,
  `email` varchar(100) NOT NULL,
  `subject` varchar(255) NOT NULL,
  `message` text NOT NULL,
  `phone` varchar(30) DEFAULT NULL, -- assuming a phone number won't be longer than 30 characters
  PRIMARY KEY (`id`)
) ENGINE=InnoDB DEFAULT CHARSET=utf8mb4;

--
-- Dumping data for table `message`
--

INSERT INTO `message` (`user_id`, `name`, `email`, `subject`, `message`, `phone`) VALUES
('0', 'Paul', 'paul.roux@gmail.com', 'shop', 'good', '+123456789'),
('UAVjN46f0bvXSKquej8S', 'Paul', 'paul.roux@gmail.com', 'maths,science', 'kk', '+987654321');

-- --------------------------------------------------------

--
-- Table structure for table `orders`
--

CREATE TABLE `orders` (
  `id` varchar(20) NOT NULL,
  `user_id` varchar(20) NOT NULL,
  `name` varchar(50) NOT NULL,
  `number` varchar(10) NOT NULL,
  `email` varchar(50) NOT NULL,
  `address` varchar(200) NOT NULL,
  `address_type` varchar(10) NOT NULL,
  `method` varchar(50) NOT NULL,
  `product_id` varchar(20) NOT NULL,
  `price` varchar(10) NOT NULL,
  `qty` varchar(2) NOT NULL,
  `date` date NOT NULL DEFAULT current_timestamp(),
  `status` varchar(50) NOT NULL DEFAULT 'en cours',
  `payment_status` varchar(100) NOT NULL
) ENGINE=InnoDB DEFAULT CHARSET=utf8mb4;

--
-- Dumping data for table `orders`
--

INSERT INTO `orders` (`id`, `user_id`, `name`, `number`, `email`, `address`, `address_type`, `method`, `product_id`, `price`, `qty`, `date`, `status`, `payment_status`) VALUES
('EYZ94PhWrzea0s9Tdd2J', 'UAVjN46f0bvXSKquej8S', 'Paul', '0675001234', 'paul.roux@gmail.com', '5 avenue Victor Hugo, 75016 Paris', 'home', 'cash on delivery', 'BLTtlhOgq1cuz7plh4Ia', '123', '1', '2023-02-28', 'annulee', 'en attente'),
('DStPLCBmD0m0OjAFYlhg', 'UAVjN46f0bvXSKquej8S', 'Paul', '0675001234', 'paul.roux@gmail.com', '5 avenue Victor Hugo, 75016 Paris', 'home', 'cash on delivery', 'jo35YMmBWpvbCMB65UdA', '160', '1', '2023-02-28', 'annulee', 'en attente'),
('XyoWmad14f2YOWbi11XF', 'UAVjN46f0bvXSKquej8S', 'Paul', '0675001234', 'paul.roux@gmail.com', '5 avenue Victor Hugo, 75016 Paris', 'home', 'cash on delivery', 'aSBHDzG26iXurm6cfoNv', '50', '1', '2023-02-28', 'annulee', 'en attente'),
('OGTzld6EmHmNHeXZQkB6', 'UAVjN46f0bvXSKquej8S', 'Paul', '0675001234', 'paul.roux@gmail.com', '5 avenue Victor Hugo, 75016 Paris', 'home', 'cash on delivery', 'uOarNNg0n3KD9OvPtItP', '80', '1', '2023-02-28', 'annulee', 'en attente'),
('UUFMa328sIAdb3znDXce', 'UAVjN46f0bvXSKquej8S', 'Paul', '0675001234', 'paul.roux@gmail.com', '10 avenue Montaigne, 75008 Paris', 'home', 'credit or debit card', 'kun96OpQed6Eww6M1URo', '120', '1', '2023-02-28', 'annulee', 'completee'),
('Bsatz7miuWWgXMEx5qzW', 'UAVjN46f0bvXSKquej8S', 'Paul', '0675001234', 'paul.roux@gmail.com', '5 avenue Victor Hugo, 75016 Paris', 'home', 'cash on delivery', 'kun96OpQed6Eww6M1URo', '120', '1', '2023-02-28', 'en cours', 'completee'),
('4SJfc2GJY4ekJN45CKbP', 'UAVjN46f0bvXSKquej8S', 'Paul', '0675001234', 'paul.roux@gmail.com', '5 avenue Victor Hugo, 75016 Paris', 'home', 'cash on delivery', 'BLTtlhOgq1cuz7plh4Ia', '123', '1', '2023-02-28', 'en cours', 'en attente'),
('Jd0yGYljvlchrTLd5KGQ', 'UAVjN46f0bvXSKquej8S', 'Paul', '0675001234', 'paul.roux@gmail.com', '18 rue Oberkampf, 75011 Paris', 'office', 'credit or debit card', 'BLTtlhOgq1cuz7plh4Ia', '123', '1', '2023-02-28', 'en cours', 'completee'),
('wtyNDfBfSwShC9FXFnbC', 'UAVjN46f0bvXSKquej8S', 'Paul', '0675001234', 'paul.roux@gmail.com', '18 rue Oberkampf, 75011 Paris', 'office', 'credit or debit card', 'aSBHDzG26iXurm6cfoNv', '50', '1', '2023-02-28', 'en cours', 'en attente'),
('KRbSyH7ZgbVzWyyZQoiv', 'UAVjN46f0bvXSKquej8S', 'Paul', '0675001234', 'paul.roux@gmail.com', '18 rue Oberkampf, 75011 Paris', 'office', 'credit or debit card', 'uOarNNg0n3KD9OvPtItP', '80', '1', '2023-02-28', 'en cours', 'en attente'),
('9vucKr2sSPqcIUidPedP', 'UAVjN46f0bvXSKquej8S', 'Paul', '0675001234', 'paul.roux@gmail.com', '5 avenue Victor Hugo, 75016 Paris', 'office', 'cash on delivery', 'kun96OpQed6Eww6M1URo', '120', '1', '2023-02-28', 'en cours', 'en attente'),
('gq2RDUuhaPe7TDcxiGCy', 'UAVjN46f0bvXSKquej8S', 'Paul', '0675001234', 'paul.roux@gmail.com', '5 avenue Victor Hugo, 75016 Paris', 'home', 'cash on delivery', 'g5DLcNHmtHvq3DtJYsCb', '80', '1', '2023-02-28', 'en cours', 'en attente'),
('JqyfHoT9UzR4qcvp3LNJ', 'd5URvsP8VusCXQoCdMBG', 'Camille', '0675001234', 'camille.blanchard@gmail.com', '20 rue Montorgueil, 75001 Paris', 'home', 'credit or debit card', 'BLTtlhOgq1cuz7plh4Ia', '123', '1', '2023-02-28', 'en cours', 'completee'),
('yyD4B276Pg9lfGpRjcr9', 'd5URvsP8VusCXQoCdMBG', 'Camille', '0675045678', 'camille.blanchard@gmail.com', '20 rue Montorgueil, 75001 Paris', 'office', 'credit or debit card', 'jo35YMmBWpvbCMB65UdA', '160', '2', '2023-02-28', 'annulee', 'en attente');

-- --------------------------------------------------------

--
-- Table structure for table `products`
--

CREATE TABLE `products` (
  `id` varchar(255) NOT NULL,
  `name` varchar(255) NOT NULL,
  `price` varchar(255) NOT NULL,
  `image` varchar(255) NOT NULL,
  `product_detail` varchar(500) NOT NULL,
  `status` varchar(100) NOT NULL
) ENGINE=InnoDB DEFAULT CHARSET=utf8mb4;

--
-- Dumping data for table `products`
--

INSERT INTO `products` (`id`, `name`, `price`, `image`, `product_detail`, `status`) VALUES
('BLTtlhOgq1cuz7plh4Ia', 'Lemon Green Tea', '123', '8lXs7FvkBvchy7RijAzE.jpg', 'Lorem ipsum', 'inactif'),
('jo35YMmBWpvbCMB65UdA', 'Kabusecha Green Tea', '160', 'vKK7WLWKiqhMBVltCovA.jpg', 'Lorem ipsum', 'actif'),
('aSBHDzG26iXurm6cfoNv', 'Gyokuro Green Tea', '50', 'OyP5om4L0iRn9ES2sTPz.jpg', 'Lorem ipsum', 'actif'),
('g5DLcNHmtHvq3DtJYsCb', 'Sweet Lemon Iced Tea', '80', 'FKPiM5OkUoYVwHVIP2uz.jpg', 'Lorem ipsum', 'actif'),
('uOarNNg0n3KD9OvPtItP', 'Lemon Verbena Tea', '80', 'EJsJ87nGcHHHod779fKs.jpg', 'Lorem ipsum', 'actif'),
('26lPPTjXh9EkNc7WocS5', 'Longjing Tea', '70', 'dkqSpkWuMj94JicCEqHs.jpg', 'Lorem ipsum', 'actif'),
('kun96OpQed6Eww6M1URo', 'Gunpowder Tea', '120', '8lXs7FvkBvchy7RijAzE.jpg', 'Lorem ipsum', 'actif'),
('wrJTrzoHsuEwr7hGi3R6', 'Minty Lemon Iced Tea', '95', 'awmvYZRs2wNZh0yFjoSk.jpg', 'Lorem ipsum', 'actif'),
('eBbtkVNYiJJKT9mCgYbk', 'tea', '200', 'card2.jpg', 'Lorem ipsum', 'actif'),
('bEvIK2PvwOqY4l8nuPTZ', 'green herbal autocar', '23', 'YsMZ5Bezou9eH1KhTZrZ.jpg', 'Lorem ipsum', 'actif');

-- --------------------------------------------------------

--
-- Table structure for table `users`
--

CREATE TABLE `users` (
  `id` varchar(255) NOT NULL,
  `name` varchar(255) NOT NULL,
  `email` varchar(255) NOT NULL,
  `password` varchar(255) NOT NULL,
  `user_type` varchar(255) NOT NULL DEFAULT 'user'
) ENGINE=InnoDB DEFAULT CHARSET=utf8mb4;

--
-- Dumping data for table `users`
--

INSERT INTO `users` (`id`, `name`, `email`, `password`, `user_type`) VALUES
('UAVjN46f0bvXSKquej8S', 'Paul', 'paul.roux@gmail.com', 'paul786', 'user'),
('ir7qjxTxaQm9PM5drpEn', 'Sophie', 'sophie.moreau@gmail.com', 'sophie786', 'user'),
('GE2LLAWjKATiQRLHaa6O', 'Maxime', 'maxime.petit@gmail.com', '12345', 'user'),
('d5URvsP8VusCXQoCdMBG', 'Camille', 'camille.blanchard@gmail.com', '12345', 'user');

-- --------------------------------------------------------

--
-- Table structure for table `wishlist`
--

CREATE TABLE `wishlist` (
  `id` varchar(255) NOT NULL,
  `user_id` varchar(255) NOT NULL,
  `product_id` varchar(255) NOT NULL,
  `price` varchar(255) NOT NULL
) ENGINE=InnoDB DEFAULT CHARSET=utf8mb4;

--
-- Dumping data for table `wishlist`
--

INSERT INTO `wishlist` (`id`, `user_id`, `product_id`, `price`) VALUES
('FngaVJmk3vBeq3KUmt03', 'UAVjN46f0bvXSKquej8S', 'jo35YMmBWpvbCMB65UdA', '160');
COMMIT;

/*!40101 SET CHARACTER_SET_CLIENT=@OLD_CHARACTER_SET_CLIENT */;
/*!40101 SET CHARACTER_SET_RESULTS=@OLD_CHARACTER_SET_RESULTS */;
/*!40101 SET COLLATION_CONNECTION=@OLD_COLLATION_CONNECTION */;
